StudentsID, StudentsName, StudentsPhone, StudentsEmail, StudentsAddress, Studentsusername,Studentspassword
1,Tran Minh Hieu,0327593476,hieu@gmail.com,Hai Phong,,
2,Pham Huy Hoang,22222,hoang@gmail.com,Tp Ho Chi Minh,,
3,Nguyen Phi Hao,33333,hao@gmail.com,Tp Ho Chi Minh,,
4,Nguyen Van Bao Loc,44444,loc@gmail.com,Ba Ria Vung Tau,,
5,Nguyen Tran Hong Son,55555,son@gmail.com,Tp Ho Chi Minh,,
6,Nguyen Quoc Thai,66666,thai@gmail.com,Tp Ho Chi Minh,,
7,Tran Van A,77777,a@gmail.com,Tp Ho Chi Minh,,
8,Nguyen Van B ,88888,b@gmail.com,Tp Ho Chi Minh,,
9,Pham Van C,99999,c@gmail.com,Tp Ho Chi Minh,,
